HREF,INVOICE_NUM,Supplier_NUM,Supplier_NAME,Supplier_SITE_CODE,INVOICE_AMOUNT,INVOICE_DATE,INVOICE_CURRENCY_CODE,DECSRIPTION,TERMS_NAME,PAY_GROUP_LOOKUP_CODE,Requester_USER_NAME,REQUESTER_FULL_NAME,REQUESTER_EMPLOYEE_NUM,REQUESTER_EMAIL_ADDRESS,ATTRIBUTE1,Header GL_DATE,PO_NUMBER,PROCESS_STATUS,INVOICE_TYPE_LOOKUP_CODE,EXCHANGE_RATE,EXCHANGE_RATE_TYPE,EXCHANGE_DATE,AWT_GROUP_NAME,ATTRIBUTE_CATEGORY,ATTRIBUTE2,ATTRIBUTE3(Company),NA,NA
DREF,invoice_num,line_type_code,Line_Amount,Distribution_set_Name,distribution_acct_code,ship_to_location_code,product_category,Pur_Catg,Attribute1 (ConsultantName),Attribute2 (POETLocation),Attribute4 (ContractCompany),Line description,Dist Acctg Date,Match Option,PO Number,PO Line Number,PO Shipment Num,PO Dist Num,PO Rel Num,PO Rcpt Num,Rcpt Line Num,Project Num,Task Num,Exp Type,Exp Date,Exp Org,Attrbute8 (Zip+4 Code),Attribute10(ShipFrom ZipCode)
H,TestInv7173,117944,ZEROCHAOS COMPANY,ATGATLAN01,19678,3/4/2019,USD,ZCCCOXA000000225030419,,,,,,,,,,,,,,,,,,ATG,,
D,TestInv7173,ITEM,9839,,,US-GA-ATLANTA-30328-01,,PROFESSIONAL SERVICES.OTHER PROFESSIONAL SERVICES.OTHER PROFESSIONAL SERVICES.CAI,Cynthia Poole,,Atrium Staffing,Atrium Staffing/Cynthia Poole/RT/40/02162019,,,,,,,,,,1004409,4.0,Contractor Labor,12/31/2016,Consumer Channel Apps (1312),,
D,TestInv7173,ITEM,9839,,,US-GA-ATLANTA-30328-01,,PROFESSIONAL SERVICES.OTHER PROFESSIONAL SERVICES.OTHER PROFESSIONAL SERVICES.CAI,Cynthia Poole,,Atrium Staffing,Atrium Staffing/Cynthia Poole/RT/40/02092019,,,,,,,,,,1005538,6.0,Contractor Labor,3/5/2018,Enterprise Platform Sales (6986),,
